Handle,Title,,Vendor,Type,Tags,Published,Option1 Name,Option1 Value,Option2 Name,Option2 Value,Option3 Name,Option3 Value,Variant SKU,Variant Grams,Variant Inventory Tracker,Variant Inventory Qty,Variant Inventory Policy,Variant Fulfillment Service,Variant Price,Variant Compare At Price,Variant Requires Shipping,Variant Taxable,Variant Barcode,Image Src,Image Position,Image Alt Text,Gift Card,SEO Title,SEO Description,Google Shopping / Google Product Category,Google Shopping / Gender,Google Shopping / Age Group,Google Shopping / MPN,Google Shopping / AdWords Grouping,Google Shopping / AdWords Labels,Google Shopping / Condition,Google Shopping / Custom Product,Google Shopping / Custom Label 0,Google Shopping / Custom Label 1,Google Shopping / Custom Label 2,Google Shopping / Custom Label 3,Google Shopping / Custom Label 4,Variant Image,Variant Weight Unit,Variant Tax Code,Cost per item
fallout-76-xbox-one,Fallout 76 - Xbox One,,The Underground Games,game,,true,Title,Default Title,,,,,6255281,91,shopify,1,deny,manual,39.99,59.99,true,true,93155173040,https://cdn.shopify.com/s/files/1/0071/7733/8939/products/6255281_sd.jpg_maxHeight_1000_maxWidth_1000.jpg?v=1540081835,1,,false,,,,,,,,,,,,,,,,,lb,,
fallout-76-playstation-4,Fallout 76 - PlayStation 4,,The Underground Games,game,,true,Title,Default Title,,,,,6255265,91,shopify,1,deny,manual,39.99,59.99,true,true,93155173057,https://cdn.shopify.com/s/files/1/0071/7733/8939/products/6255265_sd.jpg_maxHeight_1000_maxWidth_1000.jpg?v=1540081623,1,,false,,,,,,,,,,,,,,,,,lb,,
fallout-76-tricentennial-edition-playstation-4,Fallout 76 Tricentennial Edition - PlayStation 4,,The Underground Games,game,,true,Title,Default Title,,,,,6255273,91,shopify,1,deny,manual,59.99,79.99,true,true,93155173118,https://cdn.shopify.com/s/files/1/0071/7733/8939/products/6255273_sd.jpg_maxHeight_1000_maxWidth_1000.jpg?v=1540081108,1,,false,,,,,,,,,,,,,,,,,lb,,
fallout-76-tricentennial-edition-xbox-one,Fallout 76 Tricentennial Edition - Xbox One,,The Underground Games,game,,true,Title,Default Title,,,,,6255287,91,shopify,1,deny,manual,59.99,79.99,true,true,93155173101,https://cdn.shopify.com/s/files/1/0071/7733/8939/products/6255287_sd.jpg_maxHeight_1000_maxWidth_1000.jpg?v=1540080744,1,,false,,,,,,,,,,,,,,,,,lb,,
fallout-4-game-of-the-year-edition-xbox-one,Fallout 4: Game of the Year Edition - Xbox One,,The Underground Games,game,,true,Title,Default Title,,,,,6065207,91,shopify,1,deny,manual,24.99,59.99,true,true,93155172517,https://cdn.shopify.com/s/files/1/0071/7733/8939/products/6065207_sd.jpg_maxHeight_1000_maxWidth_1000.jpg?v=1533669210,1,,false,,,,,,,,,,,,,,,,,lb,,
fallout-4-game-of-the-year-edition-playstation-4,Fallout 4: Game of the Year Edition - PlayStation 4,,The Underground Games,game,,true,Title,Default Title,,,,,6065210,91,shopify,1,deny,manual,24.99,59.99,true,true,93155172524,https://cdn.shopify.com/s/files/1/0071/7733/8939/products/6065210_sd.jpg_maxHeight_1000_maxWidth_1000.jpg?v=1533669097,1,,false,,,,,,,,,,,,,,,,,lb,,
the-elder-scrolls-v-skyrim-vr-playstation-4,The Elder Scrolls V: Skyrim VR - PlayStation 4,,The Underground Games,game,,true,Title,Default Title,,,,,5927600,91,shopify,1,deny,manual,29.99,59.99,true,true,93155172579,https://cdn.shopify.com/s/files/1/0071/7733/8939/products/5927600_sd.jpg_maxHeight_1000_maxWidth_1000.jpg?v=1533668969,1,,false,,,,,,,,,,,,,,,,,lb,,
the-elder-scrolls-v-skyrim-special-edition-xbox-one,The Elder Scrolls V: Skyrim Special Edition - Xbox One,,The Underground Games,game,,true,Title,Default Title,,,,,5357106,91,shopify,1,deny,manual,19.99,39.99,true,true,93155171244,https://cdn.shopify.com/s/files/1/0071/7733/8939/products/5357106_sd.jpg_maxHeight_1000_maxWidth_1000.jpg?v=1533668844,1,,false,,,,,,,,,,,,,,,,,lb,,
the-elder-scrolls-v-skyrim-special-edition-playstation-4,The Elder Scrolls V: Skyrim Special Edition - PlayStation 4,,The Underground Games,game,,true,Title,Default Title,,,,,5357201,91,shopify,1,deny,manual,19.99,39.99,true,true,93155171251,https://cdn.shopify.com/s/files/1/0071/7733/8939/products/5357201_sd.jpg_maxHeight_1000_maxWidth_1000.jpg?v=1533668724,1,,false,,,,,,,,,,,,,,,,,lb,,
the-elder-scrolls-v-skyrim-nintendo-switch,The Elder Scrolls V: Skyrim - Nintendo Switch,,The Underground Games,game,,true,Title,Default Title,,,,,5722101,91,shopify,1,deny,manual,59.99,,true,true,45496591663,https://cdn.shopify.com/s/files/1/0071/7733/8939/products/5722101_sd.jpg_maxHeight_1000_maxWidth_1000.jpg?v=1533668186,1,,false,,,,,,,,,,,,,,,,,lb,,
arms-nintendo-switch,Arms - Nintendo Switch,,The Underground Games,game,,true,Title,Default Title,,,,,5721505,91,shopify,1,deny,manual,59.99,,true,true,45496590529,https://cdn.shopify.com/s/files/1/0071/7733/8939/products/5721505_sd.jpg_maxHeight_1000_maxWidth_1000.jpg?v=1533668044,1,,false,,,,,,,,,,,,,,,,,lb,,
mario-rabbids-kingdom-battle-nintendo-switch,Mario + Rabbids Kingdom Battle - Nintendo Switch,,The Underground Games,game,,true,Title,Default Title,,,,,5909500,91,shopify,1,deny,manual,19.99,59.99,true,true,887256028299,https://cdn.shopify.com/s/files/1/0071/7733/8939/products/5909500_sd.jpg_maxHeight_1000_maxWidth_1000.jpg?v=1533667735,1,,false,,,,,,,,,,,,,,,,,lb,,
lego-the-incredibles-nintendo-switch,LEGO The Incredibles - Nintendo Switch,,The Underground Games,game,,true,Title,Default Title,,,,,6228650,91,shopify,1,deny,manual,19.99,59.99,true,true,883929633029,https://cdn.shopify.com/s/files/1/0071/7733/8939/products/6228650_sd.jpg_maxHeight_1000_maxWidth_1000.jpg?v=1533667520,1,,false,,,,,,,,,,,,,,,,,lb,,
kirby-star-allies-nintendo-switch,Kirby Star Allies - Nintendo Switch,,The Underground Games,game,,true,Title,Default Title,,,,,5896302,91,shopify,1,deny,manual,39.99,59.99,true,true,45496591922,https://cdn.shopify.com/s/files/1/0071/7733/8939/products/5896302_sd.jpg_maxHeight_1000_maxWidth_1000.jpg?v=1533667315,1,,false,,,,,,,,,,,,,,,,,lb,,
hello-neighbor-nintendo-switch,Hello Neighbor - Nintendo Switch,,The Underground Games,game,,true,Title,Default Title,,,,,6203184,91,shopify,1,deny,manual,29.99,39.99,true,true,850942007472,https://cdn.shopify.com/s/files/1/0071/7733/8939/products/6203184_sd.jpg_maxHeight_1000_maxWidth_1000.jpg?v=1533667092,1,,false,,,,,,,,,,,,,,,,,lb,,
donkey-kong-country-tropical-freeze-nintendo-switch,Donkey Kong Country: Tropical Freeze - Nintendo Switch,,The Underground Games,game,,true,Title,Default Title,,,,,6193916,91,shopify,1,deny,manual,39.99,59.99,true,true,45496592660,https://cdn.shopify.com/s/files/1/0071/7733/8939/products/6193916_sd.jpg_maxHeight_1000_maxWidth_1000.jpg?v=1533666761,1,,false,,,,,,,,,,,,,,,,,lb,,
splatoon-2-nintendo-switch,Splatoon 2 - Nintendo Switch,,The Underground Games,game,,true,Title,Default Title,,,,,5721523,91,shopify,1,deny,manual,59.99,,true,true,45496592554,https://cdn.shopify.com/s/files/1/0071/7733/8939/products/5721523_sd.jpg_maxHeight_1000_maxWidth_1000.jpg?v=1533666510,1,,false,,,,,,,,,,,,,,,,,lb,,
the-legend-of-zelda-breath-of-the-wild-expansion-pass-nintendo-switch-digital,The Legend of Zelda Breath of the Wild Expansion Pass - Nintendo Switch [Digital],,The Underground Games,game,,true,Title,Default Title,,,,,5774000,0,shopify,15,continue,manual,19.99,,false,false,400057740001,https://cdn.shopify.com/s/files/1/0071/7733/8939/products/5774000_sa.jpg_maxHeight_1000_maxWidth_1000.jpg?v=1533666342,1,,false,,,,,,,,,,,,,,,,,lb,,
sonic-mania-plus-nintendo-switch,Sonic Mania Plus - Nintendo Switch,,The Underground Games,game,,true,Title,Default Title,,,,,6235603,181,shopify,1,deny,manual,29.99,,true,true,10086770797,https://cdn.shopify.com/s/files/1/0071/7733/8939/products/6235603_sd.jpg_maxHeight_1000_maxWidth_1000.jpg?v=1533665260,1,,false,,,,,,,,,,,,,,,,,lb,,
mario-tennis-aces-nintendo-switch,Mario Tennis Aces - Nintendo Switch,,The Underground Games,game,,true,Title,Default Title,,,,,6193925,91,shopify,1,deny,manual,59.99,,true,true,45496592639,https://cdn.shopify.com/s/files/1/0071/7733/8939/products/6193925_sd.jpg_maxHeight_1000_maxWidth_1000.jpg?v=1533665092,1,,false,,,,,,,,,,,,,,,,,lb,,
the-legend-of-zelda-breath-of-the-wild-nintendo-switch,The Legend of Zelda: Breath of the Wild - Nintendo Switch,,The Underground Games,game,,true,Title,Default Title,,,,,5721500,91,shopify,1,deny,manual,59.99,,true,true,45496590420,https://cdn.shopify.com/s/files/1/0071/7733/8939/products/5721500_sd.jpg_maxHeight_1000_maxWidth_1000.jpg?v=1533664876,1,,false,,,,,,,,,,,,,,,,,lb,,
super-mario-odyssey-nintendo-switch,Super Mario Odyssey - Nintendo Switch,,The Underground Games,game,,true,Title,Default Title,,,,,5721722,91,shopify,1,deny,manual,59.99,,true,true,45496590741,https://cdn.shopify.com/s/files/1/0071/7733/8939/products/5721722.jpg?v=1533664639,1,,false,,,,,,,,,,,,,,,,,lb,,
mario-kart-8-deluxe-nintendo-switch,Mario Kart 8 Deluxe - Nintendo Switch,,The Underground Games,game,,true,Title,Default Title,,,,,5723304,91,shopify,1,deny,manual,59.99,,true,true,45496590475,https://cdn.shopify.com/s/files/1/0071/7733/8939/products/5723304_sd.jpg_maxHeight_1000_maxWidth_1000.jpg?v=1533664404,1,,false,,,,,,,,,,,,,,,,,lb,,
nintendo-joy-con-charging-grip,Nintendo - Joy-Con Charging Grip,,The Underground Games,Switch Accessory,,true,Title,Default Title,,,,,5730706,218,shopify,1,deny,manual,29.99,,true,true,45496590178,https://cdn.shopify.com/s/files/1/0071/7733/8939/products/5730706_rd.jpg_maxHeight_1000_maxWidth_1000.jpg?v=1533632717,1,,false,,,,,,,,,,,,,,,,,lb,,
nintendo-labo-customization-set,Nintendo - Labo Customization Set,,The Underground Games,Switch Accessory,,true,Title,Default Title,,,,,6199148,91,shopify,1,deny,manual,7.99,9.99,true,true,45496592769,https://cdn.shopify.com/s/files/1/0071/7733/8939/products/6199148_rd.jpg_maxHeight_1000_maxWidth_1000.jpg?v=1533632518,1,,false,,,,,,,,,,,,,,,,,lb,,
nintendo-labo-variety-kit-nintendo-switch,Nintendo Labo Variety Kit - Nintendo Switch,,The Underground Games,game,,true,Title,Default Title,,,,,5234621,2400,shopify,1,deny,manual,69.99,,true,true,45496591403,https://cdn.shopify.com/s/files/1/0071/7733/8939/products/5234621_sd.jpg_maxHeight_1000_maxWidth_1000.jpg?v=1533632292,1,,false,,,,,,,,,,,,,,,,,lb,,
nintendo-labo-robot-kit-nintendo-switch,Nintendo Labo Robot Kit - Nintendo Switch,,The Underground Games,game,,true,Title,Default Title,,,,,5234620,2232,shopify,1,deny,manual,59.99,79.99,true,true,45496591380,https://cdn.shopify.com/s/files/1/0071/7733/8939/products/5234620_sd.jpg_maxHeight_1000_maxWidth_1000.jpg?v=1533632140,1,,false,,,,,,,,,,,,,,,,,lb,,
nintendo-joy-con™-l-r-wireless-controllers-for-nintendo-switch-neon-red,Nintendo - Joy-Con™ (L/R) Wireless Controllers for Nintendo Switch - Neon Red,,The Underground Games,Switch Accessory,,true,Title,Default Title,,,,,5731708,181,shopify,1,deny,manual,79.99,,true,true,45496590147,https://cdn.shopify.com/s/files/1/0071/7733/8939/products/5731708_sd.jpg_maxHeight_1000_maxWidth_1000.jpg?v=1533631952,1,,false,,,,,,,,,,,,,,,,,lb,,
nintendo-joy-con™-l-r-wireless-controllers-for-nintendo-switch-neon-blue,Nintendo - Joy-Con™ (L/R) Wireless Controllers for Nintendo Switch - Neon Blue,,The Underground Games,Switch Accessory,,true,Title,Default Title,,,,,5731700,181,shopify,1,deny,manual,79.99,,true,true,45496590154,https://cdn.shopify.com/s/files/1/0071/7733/8939/products/5731700_sd.jpg_maxHeight_1000_maxWidth_1000.jpg?v=1533631785,1,,false,,,,,,,,,,,,,,,,,lb,,
nintendo-joy-con-l-r-wireless-controllers-for-nintendo-switch-gray,Nintendo - Joy-Con (L/R) Wireless Controllers for Nintendo Switch - Gray,,The Underground Games,Switch Accessory,,true,Title,Default Title,,,,,5730705,181,shopify,1,deny,manual,79.99,,true,true,45496590123,https://cdn.shopify.com/s/files/1/0071/7733/8939/products/5730705_sd.jpg_maxHeight_1000_maxWidth_1000.jpg?v=1533631607,1,,false,,,,,,,,,,,,,,,,,lb,,
nintendo-joy-con-l-r-wireless-controllers-for-nintendo-switch-neon-pink-neon-green,Nintendo - Joy-Con (L/R) Wireless Controllers for Nintendo Switch - Neon Pink/Neon Green,,The Underground Games,Switch Accessory,,true,Title,Default Title,,,,,6182525,181,shopify,1,deny,manual,79.99,,true,true,45496881900,https://cdn.shopify.com/s/files/1/0071/7733/8939/products/6182525cv11a.jpg_maxHeight_1000_maxWidth_1000.jpg?v=1533631333,1,,false,,,,,,,,,,,,,,,,,lb,,
nintendo-joy-con-l-r-wireless-controllers-for-nintendo-switch-neon-red-neon-blue,Nintendo - Joy-Con (L/R) Wireless Controllers for Nintendo Switch - Neon Red/Neon Blue,,The Underground Games,Switch Accessory,,true,Title,Default Title,,,,,5730704,181,shopify,1,deny,manual,79.99,,true,true,45496590130,https://cdn.shopify.com/s/files/1/0071/7733/8939/products/5730704_rd.jpg_maxHeight_1000_maxWidth_1000.jpg?v=1533631131,1,,false,,,,,,,,,,,,,,,,,lb,,
pdp-nintendo-switch-starter-kit-gray,PDP - Nintendo Switch Starter Kit - Gray,,The Underground Games,Switch Accessory,,true,Title,Default Title,,,,,5993300,340,shopify,1,deny,manual,23.99,,true,true,708056061135,https://cdn.shopify.com/s/files/1/0071/7733/8939/products/5993300cv12d.jpg_maxHeight_1000_maxWidth_1000.jpg?v=1533630867,1,,false,,,,,,,,,,,,,,,,,lb,,
pdp-nintendo-switch-starter-kit-gray,,,,,,,,,,,,,,,,,,,,,,,,https://cdn.shopify.com/s/files/1/0071/7733/8939/products/5993300_sd.jpg_maxHeight_1000_maxWidth_1000.jpg?v=1533630867,2,,,,,,,,,,,,,,,,,,,,,
nintendo-joy-con-wireless-wheel-set-of-2-for-nintendo-switch-black,Nintendo - Joy-Con Wireless Wheel (set of 2) for Nintendo Switch - Black,,The Underground Games,Switch Accessory,,true,Title,Default Title,,,,,5805312,227,shopify,1,deny,manual,13.99,,true,true,45496590413,https://cdn.shopify.com/s/files/1/0071/7733/8939/products/5805312_sd.jpg_maxHeight_1000_maxWidth_1000.jpg?v=1533630570,1,,false,,,,,,,,,,,,,,,,,lb,,
nintendo-pro-wireless-controller-for-nintendo-switch,Nintendo - Pro Wireless Controller for Nintendo Switch,,The Underground Games,Switch Accessory,,true,Title,Default Title,,,,,5748618,363,shopify,1,deny,manual,63.99,69.99,true,true,45496590161,https://cdn.shopify.com/s/files/1/0071/7733/8939/products/5748618_sd.jpg_maxHeight_1000_maxWidth_1000.jpg?v=1533630334,1,,false,,,,,,,,,,,,,,,,,lb,,
nintendo-switch™-dock-set,Nintendo - Switch™ Dock Set,,The Underground Games,Switch Accessory,,true,Title,Default Title,,,,,5854007,771,shopify,1,deny,manual,72.99,89.99,true,true,45496590499,https://cdn.shopify.com/s/files/1/0071/7733/8939/products/5854007_sd.jpg_maxHeight_1000_maxWidth_1000.jpg?v=1533630065,1,,false,,,,,,,,,,,,,,,,,lb,,
sony-playstation®camera-for-playstation-4,Sony - PlayStation®Camera for PlayStation 4,,The Underground Games,PlayStation Accessory,,true,Title,Default Title,,,,,5622702,408,shopify,1,deny,manual,59.99,,true,true,711719504467,https://cdn.shopify.com/s/files/1/0071/7733/8939/products/5622702_sd.jpg_maxHeight_1000_maxWidth_1000.jpg?v=1533629665,1,,false,,,,,,,,,,,,,,,,,lb,,
sony-playstation®-move-motion-wireless-controller-for-playstation®-4-and-playstation®-vr-2-pack-black-with-white-balls,Sony - PlayStation® Move Motion Wireless Controller for PlayStation® 4 and PlayStation® VR (2-Pack) - Black With White Balls,,The Underground Games,PlayStation Accessory,,true,Title,Default Title,,,,,6209601,431,shopify,1,deny,manual,99.99,,true,true,711719513438,https://cdn.shopify.com/s/files/1/0071/7733/8939/products/1046724334.jpg?v=1533623057,1,,false,,,,,,,,,,,,,,,,,lb,,
sony-playstation®-move-motion-wireless-controller-for-playstation®-4-and-playstation®-vr-2-pack-black-with-white-balls,,,,,,,,,,,,,,,,,,,,,,,,https://cdn.shopify.com/s/files/1/0071/7733/8939/products/6209601_sd.jpg_maxHeight_1000_maxWidth_1000.jpg?v=1533623058,2,,,,,,,,,,,,,,,,,,,,,
sony-dualshock-4-wireless-controller-for-sony-playstation-4-silver,Sony - DualShock 4 Wireless Controller for Sony PlayStation 4 - Silver,,The Underground Games,PlayStation Accessory,,true,Title,Default Title,,,,,5709480,363,shopify,1,deny,manual,39.99,64.99,true,true,711719504320,https://cdn.shopify.com/s/files/1/0071/7733/8939/products/5709480_sd.jpg_maxHeight_1000_maxWidth_1000.jpg?v=1533622917,1,,false,,,,,,,,,,,,,,,,,lb,,
sony-dualshock-4-wireless-controller-for-sony-playstation-4-magma-red,Sony - DualShock 4 Wireless Controller for Sony PlayStation 4 - Magma (red),,The Underground Games,PlayStation Accessory,,true,Title,Default Title,,,,,5673600,363,shopify,1,deny,manual,39.99,64.99,true,true,711719504405,https://cdn.shopify.com/s/files/1/0071/7733/8939/products/5673600_sd.jpg_maxHeight_1000_maxWidth_1000.jpg?v=1533622819,1,,false,,,,,,,,,,,,,,,,,lb,,
sony-dualshock-4-wireless-controller-for-playstation-4-jet-black,Sony - DualShock 4 Wireless Controller for PlayStation 4 - Jet Black,,The Underground Games,PlayStation Accessory,,true,Title,Default Title,,,,,5580915,363,shopify,1,deny,manual,39.99,59.99,true,true,400055809151,https://cdn.shopify.com/s/files/1/0071/7733/8939/products/5580915_sd.jpg_maxHeight_1000_maxWidth_1000.jpg?v=1533622734,1,,false,,,,,,,,,,,,,,,,,lb,,
sony-dualshock-4-wireless-controller-for-sony-playstation-4-wave-blue,Sony - DualShock 4 Wireless Controller for Sony PlayStation 4 - Wave Blue,,The Underground Games,PlayStation Accessory,,true,Title,Default Title,,,,,5673500,363,shopify,1,deny,manual,39.99,64.99,true,true,711719504375,https://cdn.shopify.com/s/files/1/0071/7733/8939/products/5673500_sd.jpg_maxHeight_1000_maxWidth_1000.jpg?v=1533622610,1,,false,,,,,,,,,,,,,,,,,lb,,
sony-dualshock-4-wireless-controller-for-sony-playstation-4-gold,Sony - DualShock 4 Wireless Controller for Sony PlayStation 4 - Gold,,The Underground Games,PlayStation Accessory,,true,Title,Default Title,,,,,5871323,363,shopify,1,deny,manual,39.99,64.99,true,true,711719505952,https://cdn.shopify.com/s/files/1/0071/7733/8939/products/5871323_sd.jpg_maxHeight_1000_maxWidth_1000.jpg?v=1533622423,1,,false,,,,,,,,,,,,,,,,,lb,,
microsoft-xbox-gaming-controller-with-cable-for-windows,Microsoft - Xbox Gaming Controller with Cable for Windows,,The Underground Games,Xbox Accessory,,true,Title,Default Title,,,,,5655430,499,shopify,1,deny,manual,59.99,,true,true,889842121964,https://cdn.shopify.com/s/files/1/0071/7733/8939/products/5655430cv11d.jpg_maxHeight_1000_maxWidth_1000.jpg?v=1533621449,1,,false,,,,,,,,,,,,,,,,,lb,,
microsoft-xbox-wireless-controller-minecraft-creeper,Microsoft - Xbox Wireless Controller - Minecraft Creeper,,The Underground Games,Xbox Accessory,,true,Title,Default Title,,,,,6036601,499,shopify,1,deny,manual,44.99,64.99,true,true,889842182347,https://cdn.shopify.com/s/files/1/0071/7733/8939/products/6036601_sd.jpg_maxHeight_1000_maxWidth_1000.jpg?v=1533621345,1,,false,,,,,,,,,,,,,,,,,lb,,
microsoft-xbox-wireless-controller-gray-and-green,Microsoft - Xbox Wireless Controller - Gray and Green,,The Underground Games,Xbox Accessory,,true,Title,Default Title,,,,,6022905,499,shopify,1,deny,manual,44.99,64.99,true,true,889842195965,https://cdn.shopify.com/s/files/1/0071/7733/8939/products/6022905_sd.jpg_maxHeight_1000_maxWidth_1000.jpg?v=1533621239,1,,false,,,,,,,,,,,,,,,,,lb,,
microsoft-xbox-wireless-controller-minecraft-pig,Microsoft - Xbox Wireless Controller - Minecraft Pig,,The Underground Games,Xbox Accessory,,true,Title,Default Title,,,,,6036606,499,shopify,1,deny,manual,44.99,64.99,true,true,889842182316,https://cdn.shopify.com/s/files/1/0071/7733/8939/products/6036606_sd.jpg_maxHeight_1000_maxWidth_1000.jpg?v=1533621124,1,,false,,,,,,,,,,,,,,,,,lb,,
microsoft-xbox-wireless-controller-white,Microsoft - Xbox Wireless Controller - White,,The Underground Games,Xbox Accessory,,true,Title,Default Title,,,,,5396001,499,shopify,1,deny,manual,39.99,59.99,true,true,889842084337,https://cdn.shopify.com/s/files/1/0071/7733/8939/products/5396001_sd.jpg_maxHeight_1000_maxWidth_1000.jpg?v=1533620801,1,,false,,,,,,,,,,,,,,,,,lb,,
microsoft-xbox-wireless-controller-black,Microsoft - Xbox Wireless Controller - Black,,The Underground Games,Xbox Accessory,,true,Title,Default Title,,,,,5621843,499,shopify,1,deny,manual,39.99,59.99,true,true,889842159349,https://cdn.shopify.com/s/files/1/0071/7733/8939/products/5621843_sd.jpg_maxHeight_1000_maxWidth_1000.jpg?v=1533620681,1,,false,,,,,,,,,,,,,,,,,lb,,
bayonetta-2-nintendo-switch,Bayonetta 2 - Nintendo Switch,,The Underground Games,game,,true,Title,Default Title,,,,,6176600,91,shopify,1,deny,manual,39.99,59.99,true,true,45496591861,https://cdn.shopify.com/s/files/1/0071/7733/8939/products/6176600_sd.jpg_maxHeight_1000_maxWidth_1000.jpg?v=1533618816,1,,false,,,,,,,,,,,,,,,,,lb,,
minecraft-nintendo-switch,Minecraft - Nintendo Switch,,The Underground Games,game,,true,Title,Default Title,,,,,5723312,91,shopify,1,deny,manual,29.99,,true,true,45496591779,https://cdn.shopify.com/s/files/1/0071/7733/8939/products/5723312.png?v=1533618607,1,,false,,,,,,,,,,,,,,,,,lb,,
sushi-striker-the-way-of-sushido-nintendo-switch,Sushi Striker: The Way of Sushido - Nintendo Switch,,The Underground Games,game,,true,Title,Default Title,,,,,6219504,91,shopify,1,deny,manual,34.99,49.99,true,true,45496592592,https://cdn.shopify.com/s/files/1/0071/7733/8939/products/6219504_sd.jpg_maxHeight_1000_maxWidth_1000.jpg?v=1533618412,1,,false,,,,,,,,,,,,,,,,,lb,,
octopath-traveler-nintendo-switch,Octopath Traveler - Nintendo Switch,,The Underground Games,game,,true,Title,Default Title,,,,,5722100,91,shopify,1,deny,manual,59.99,,true,true,45496592134,https://cdn.shopify.com/s/files/1/0071/7733/8939/products/5722100_sd.jpg_maxHeight_1000_maxWidth_1000.jpg?v=1533617458,1,,false,,,,,,,,,,,,,,,,,lb,,
metal-gear-survive-playstation-4,Metal Gear Survive - PlayStation 4,,The Underground Games,game,,true,Title,Default Title,,,,,6149301,91,shopify,1,deny,manual,19.99,29.99,true,true,83717203285,https://cdn.shopify.com/s/files/1/0071/7733/8939/products/6149301_sd.jpg_maxHeight_1000_maxWidth_1000.jpg?v=1533617213,1,,false,,,,,,,,,,,,,,,,,lb,,
the-underground-games-donation,The Underground Games Donation,,The Underground Games,service,,true,Title,Default Title,,,,,9198900,0,,1,deny,manual,5,,false,false,,https://cdn.shopify.com/s/files/1/0071/7733/8939/products/The_Underground_logo_white.png?v=1533436354,1,,false,,,,,,,,,,,,,,,,,lb,,
horizon-zero-dawn-complete-edition-playstation-4,Horizon Zero Dawn: Complete Edition - PlayStation 4,,The Underground Games,game,,true,Title,Default Title,,,,,6138365,91,shopify,1,deny,manual,19.99,,true,true,711719516118,https://cdn.shopify.com/s/files/1/0071/7733/8939/products/6138365_sd.jpg_maxHeight_1000_maxWidth_1000.jpg?v=1533436028,1,,false,,,,,,,,,,,,,,,,,lb,,
sony-playstation-4-1tb-console-black,Sony - PlayStation 4 1TB Console - Black,,The Underground Games,console,,true,Title,Default Title,,,,,5850905,3357,shopify,1,deny,manual,299.99,,true,true,711719521112,https://cdn.shopify.com/s/files/1/0071/7733/8939/products/5850905_sd.jpg_maxHeight_1000_maxWidth_1000.jpg?v=1533432455,1,,false,,,,,,,,,,,,,,,,,lb,,
sony-playstation-vr-doom-vfr-bundle,Sony - PlayStation VR DOOM VFR Bundle,,The Underground Games,PS4VR,,true,Title,Default Title,,,,,6162261,3357,shopify,1,deny,manual,199.99,299.99,true,true,711719513728,https://cdn.shopify.com/s/files/1/0071/7733/8939/products/6162261cv11d.jpg_maxHeight_1000_maxWidth_1000.jpg?v=1533431862,1,,false,,,,,,,,,,,,,,,,,lb,,
sony-playstation-vr-doom-vfr-bundle,,,,,,,,,,,,,,,,,,,,,,,,https://cdn.shopify.com/s/files/1/0071/7733/8939/products/6162261_sd.jpg_maxHeight_1000_maxWidth_1000.jpg?v=1533431863,2,,,,,,,,,,,,,,,,,,,,,
doom-playstation-4,DOOM - PlayStation 4,,The Underground Games,game,,true,Condition,New,,,,,8383097,91,shopify,0,deny,manual,19.99,,true,true,93155170223,https://cdn.shopify.com/s/files/1/0071/7733/8939/products/8383097_sd.jpg_maxHeight_1000_maxWidth_1000.jpg?v=1533431381,1,,false,,,,,,,,,,,,,,,,,lb,,
doom-playstation-4,,,,,,,,Preowned,,,,,8383098,91,shopify,1,deny,manual,14.99,19.99,true,true,886162557923,,,,,,,,,,,,,,,,,,,,,lb,,
doom-xbox-one,DOOM - Xbox One,,The Underground Games,game,,true,Title,Default Title,,,,,8383834,91,shopify,1,deny,manual,19.99,,true,true,93155170216,https://cdn.shopify.com/s/files/1/0071/7733/8939/products/8383834_sd.jpg_maxHeight_1000_maxWidth_1000.jpg?v=1533431252,1,,false,,,,,,,,,,,,,,,,,lb,,
doom-nintendo-switch,DOOM - Nintendo Switch,,The Underground Games,game,,true,Title,Default Title,,,,,6115414,91,shopify,1,deny,manual,59.99,,true,true,45496591809,https://cdn.shopify.com/s/files/1/0071/7733/8939/products/6115414_sd.jpg_maxHeight_1000_maxWidth_1000.jpg?v=1533431113,1,,false,,,,,,,,,,,,,,,,,lb,,
anthem-playstation-4,Anthem - PlayStation 4,,The Underground Games,game,,true,Title,Default Title,,,,,6259290,91,shopify,1,continue,manual,59.99,,true,true,14633369960,https://cdn.shopify.com/s/files/1/0071/7733/8939/products/6259290_sd.jpg_maxHeight_1000_maxWidth_1000.jpg?v=1533429595,1,,false,,,,,,,,,,,,,,,,,lb,,
anthem-xbox-one,Anthem - Xbox One,,The Underground Games,game,,true,Title,Default Title,,,,,6259288,91,shopify,1,continue,manual,59.99,,true,true,14633735253,https://cdn.shopify.com/s/files/1/0071/7733/8939/products/6259288_sd.jpg_maxHeight_1000_maxWidth_1000.jpg?v=1533429509,1,,false,,,,,,,,,,,,,,,,,lb,,
anthem-legion-of-dawn-edition-xbox-one,Anthem Legion of Dawn Edition - Xbox One,,The Underground Games,game,,true,Title,Default Title,,,,,6259293,91,shopify,1,continue,manual,79.99,,true,true,14633739190,https://cdn.shopify.com/s/files/1/0071/7733/8939/products/6259293_sd.jpg_maxHeight_1000_maxWidth_1000.jpg?v=1533360339,1,,false,,,,,,,,,,,,,,,,,lb,,
anthem-legion-of-dawn-edition-playstation-4,Anthem Legion of Dawn Edition - PlayStation 4,,The Underground Games,game,,true,Title,Default Title,,,,,6259295,91,shopify,1,continue,manual,79.99,,true,true,14633739183,https://cdn.shopify.com/s/files/1/0071/7733/8939/products/6259295_sd.jpg_maxHeight_1000_maxWidth_1000.jpg?v=1533348174,1,,false,,,,,,,,,,,,,,,,,lb,,
metal-gear-survive-xbox-one,Metal Gear Survive - Xbox One,,The Underground Games,game,,true,Title,Default Title,,,,,6149304,91,shopify,1,deny,manual,19.99,29.99,true,true,83717302384,https://cdn.shopify.com/s/files/1/0071/7733/8939/products/6149304_sd.jpg_maxHeight_1000_maxWidth_1000.jpg?v=1533335262,1,,false,,,,,,,,,,,,,,,,,lb,,
diablo-iii-eternal-collection-xbox-one,Diablo III: Eternal Collection - Xbox One,,The Underground Games,game,,true,Title,Default Title,,,,,6259338,91,shopify,1,deny,manual,19.99,39.99,true,true,47875882188,https://cdn.shopify.com/s/files/1/0071/7733/8939/products/6259338_sd.jpg_maxHeight_1000_maxWidth_1000.jpg?v=1533335021,1,,false,,,,,,,,,,,,,,,,,lb,,
bloodborne-playstationr-hits-playstation-4,Bloodborne - PlayStation® Hits - PlayStation 4,,The Underground Games,game,,true,Title,Default Title,,,,,7314019,91,shopify,1,deny,manual,19.99,,true,true,711719053156,https://cdn.shopify.com/s/files/1/0071/7733/8939/products/7314019_sd.jpg_maxHeight_1000_maxWidth_1000.jpg?v=1533334449,1,,false,,,,,,,,,,,,,,,,,lb,,
sony-playstation-4-pro-console-jet-black,Sony - PlayStation 4 Pro Console - Jet Black,,The Underground Games,console,,true,Title,Default Title,,,,,5388900,5488,shopify,0,deny,manual,399.99,,true,true,,https://cdn.shopify.com/s/files/1/0071/7733/8939/products/5388900_sd.jpg_maxHeight_1000_maxWidth_1000.jpg?v=1533333639,1,,false,,,,,,,,,,,,,,,,,lb,,
microsoft-xbox-one-x-1tb-console-with-4k-ultra-blu-ray-black,Microsoft - Xbox One X 1TB Console with 4K Ultra Blu-ray - Black,,The Underground Games,console,,true,Title,Default Title,,,,,5919707,4853,shopify,1,deny,manual,399.99,499.99,true,true,889842208252,https://cdn.shopify.com/s/files/1/0071/7733/8939/products/5919707_sd.jpg?v=1533324559,1,,false,,,,,,,,,,,,,,,,,lb,,
nintendo-switch-32gb-console-gray-joy-con,Nintendo - Switch 32GB Console - Gray Joy-Con,,The Underground Games,console,,true,Title,Default Title,,,,,5670003,1588,shopify,1,deny,manual,299.99,,true,true,45496590086,https://cdn.shopify.com/s/files/1/0071/7733/8939/products/5670003_sd.jpg_maxHeight_1000_maxWidth_1000.jpg?v=1533324226,1,,false,,,,,,,,,,,,,,,,,lb,,
nintendo-switch-32gb-console-neon-red-neon-blue-joy-con,Nintendo - Switch 32GB Console - Neon Red/Neon Blue Joy-Con,,The Underground Games,console,,true,Title,Default Title,,,,,5670100,1588,shopify,1,deny,manual,299.99,,true,true,45496590093,https://cdn.shopify.com/s/files/1/0071/7733/8939/products/5670100_sd.jpg_maxHeight_1000_maxWidth_1000.jpg?v=1533323800,1,,false,,,,,,,,,,,,,,,,,lb,,
far-cry-5-xbox-one,Far Cry 5 - Xbox One,,The Underground Games,game,,true,Title,Default Title,,,,,5887136,91,shopify,1,deny,manual,19.99,59.99,true,true,887256028916,https://cdn.shopify.com/s/files/1/0071/7733/8939/products/5887136_sd.jpg_maxHeight_1000_maxWidth_1000.jpg?v=1532946500,1,,false,,,,,,,,,,,,,,,,,lb,,
far-cry-5-playstation-4,Far Cry 5 - PlayStation 4,,The Underground Games,game,,true,Title,Default Title,,,,,5887139,91,shopify,1,deny,manual,19.99,59.99,true,true,887256028824,https://cdn.shopify.com/s/files/1/0071/7733/8939/products/5887139_sd.jpg_maxHeight_1000_maxWidth_1000.jpg?v=1532945452,1,,false,,,,,,,,,,,,,,,,,lb,,
mega-man-x-legacy-collection-1-2-playstation-4,Mega Man X Legacy Collection 1 + 2 - PlayStation 4,,The Underground Games,game,,true,Title,Default Title,,,,,6241233,91,shopify,1,deny,manual,24.99,39.99,true,true,13388560561,https://cdn.shopify.com/s/files/1/0071/7733/8939/products/6241233_sd.jpg_maxHeight_1000_maxWidth_1000.jpg?v=1533322072,1,,false,,,,,,,,,,,,,,,,,lb,,
the-last-of-us™-remastered-playstation®-hits-playstation-4,The Last of Us™ Remastered - PlayStation® Hits - PlayStation 4,,The Underground Games,game,,true,Title,Default Title,,,,,5875178,91,shopify,1,deny,manual,19.99,,true,true,711719522911,https://cdn.shopify.com/s/files/1/0071/7733/8939/products/5875178_sd.jpg_maxHeight_1000_maxWidth_1000.jpg?v=1532948300,1,,false,,,,,,,,,,,,,,,,,lb,,
mega-man-x-legacy-collection-1-2-xbox-one,Mega Man X Legacy Collection 1 + 2 - Xbox One,,The Underground Games,game,,true,Title,Default Title,,,,,6241232,91,shopify,1,deny,manual,24.99,39.99,true,true,13388550395,https://cdn.shopify.com/s/files/1/0071/7733/8939/products/6241232_sd.jpg_maxHeight_1000_maxWidth_1000.jpg?v=1533322149,1,,false,,,,,,,,,,,,,,,,,lb,,
go-vacation-nintendo-switch,Go Vacation - Nintendo Switch,,The Underground Games,game,,true,Title,Default Title,,,,,6258920,91,shopify,1,deny,manual,49.99,,true,true,45496593827,https://cdn.shopify.com/s/files/1/0071/7733/8939/products/6258920_sd.jpg_maxHeight_1000_maxWidth_1000.jpg?v=1532946967,1,,false,,,,,,,,,,,,,,,,,lb,,
state-of-decay-2-xbox-one,State of Decay 2 - Xbox One,,The Underground Games,game,,true,Title,Default Title,,,,,5322200,91,shopify,1,deny,manual,14.99,29.99,true,true,889842223583,https://cdn.shopify.com/s/files/1/0071/7733/8939/products/5322200_sd.jpg_maxHeight_1000_maxWidth_1000.jpg?v=1532823489,1,,false,,,,,,,,,,,,,,,,,lb,,
diablo-iii-eternal-collection-playstation-4,Diablo III: Eternal Collection - PlayStation 4,,The Underground Games,game,,true,Title,Default Title,,,,,6259335,91,shopify,1,deny,manual,19.99,39.99,true,true,47875882140,https://cdn.shopify.com/s/files/1/0071/7733/8939/products/6259335_sd.jpg_maxHeight_1000_maxWidth_1000.jpg?v=1532945787,1,,false,,,,,,,,,,,,,,,,,lb,,
wolfenstein®-ii-the-new-colossus™-nintendo-switch,Wolfenstein® II: The New Colossus™ - Nintendo Switch,,The Underground Games,game,,true,Title,Default Title,,,,,6180719,91,shopify,1,deny,manual,59.99,,true,true,45496591823,https://cdn.shopify.com/s/files/1/0071/7733/8939/products/6180719_sd.jpg_maxHeight_1000_maxWidth_1000.jpg?v=1532948192,1,,false,,,,,,,,,,,,,,,,,lb,,
captain-toad-treasure-tracker-nintendo-switch,Captain Toad: Treasure Tracker - Nintendo Switch,,The Underground Games,game,,true,Title,Default Title,,,,,6219550,91,shopify,1,deny,manual,39.99,,true,true,45496592967,https://cdn.shopify.com/s/files/1/0071/7733/8939/products/6219550_sd.jpg_maxHeight_1000_maxWidth_1000.jpg?v=1532947109,1,,false,,,,,,,,,,,,,,,,,lb,,
destiny-2-playstation-4,Destiny 2 - PlayStation 4,,The Underground Games,game,,true,Title,Default Title,,,,,5807901,91,shopify,1,deny,manual,9.99,19.99,true,true,47875880986,https://cdn.shopify.com/s/files/1/0071/7733/8939/products/5807901_sd.jpg_maxHeight_1000_maxWidth_1000.jpg?v=1532823577,1,,false,,,,,,,,,,,,,,,,,lb,,
destiny-2-xbox-one,Destiny 2 - Xbox One,,The Underground Games,game,,true,Title,Default Title,,,,,5807904,91,shopify,1,deny,manual,9.99,19.99,true,true,47875880986,https://cdn.shopify.com/s/files/1/0071/7733/8939/products/5807904_sd.jpg_maxHeight_1000_maxWidth_1000.jpg?v=1532823572,1,,false,,,,,,,,,,,,,,,,,lb,,
crash-bandicoot-n-sane-trilogy-xbox-one,Crash Bandicoot N. Sane Trilogy - Xbox One,,The Underground Games,game,,true,Title,Default Title,,,,,6219579,91,shopify,1,deny,manual,24.99,39.99,true,true,47875881969,https://cdn.shopify.com/s/files/1/0071/7733/8939/products/6219579_sd.jpg_maxHeight_1000_maxWidth_1000.jpg?v=1533322559,1,,false,,,,,,,,,,,,,,,,,lb,,
crash-bandicoot-n-sane-trilogy-windows,Crash Bandicoot N. Sane Trilogy - Windows,,The Underground Games,game,,true,Title,Default Title,,,,,6219563,91,shopify,1,deny,manual,39.99,,true,true,47875335455,https://cdn.shopify.com/s/files/1/0071/7733/8939/products/6219563_sd.jpg_maxHeight_1000_maxWidth_1000.jpg?v=1533322486,1,,false,,,,,,,,,,,,,,,,,lb,,
crash-bandicoot-n-sane-trilogy-playstation-4,Crash Bandicoot N. Sane Trilogy - PlayStation 4,,The Underground Games,game,,true,Title,Default Title,,,,,5712319,91,shopify,1,deny,manual,39.99,,true,true,,https://cdn.shopify.com/s/files/1/0071/7733/8939/products/5712319_sd.jpg_maxHeight_1000_maxWidth_1000.jpg?v=1533322328,1,,false,,,,,,,,,,,,,,,,,lb,,
crash-bandicoot-n-sane-trilogy-nintendo-switch,Crash Bandicoot N. Sane Trilogy - Nintendo Switch,,The Underground Games,game,,true,Title,Default Title,,,,,6219578,91,shopify,1,deny,manual,24.99,39.99,true,true,47875881990,https://cdn.shopify.com/s/files/1/0071/7733/8939/products/6219578_sd.jpg_maxHeight_1000_maxWidth_1000.jpg?v=1533322240,1,,false,,,,,,,,,,,,,,,,,lb,,
just-dance-2018-playstation-4,Just Dance 2018 - PlayStation 4,,The Underground Games,game,,true,Title,Default Title,,,,,5909703,91,shopify,1,deny,manual,39.99,59.99,true,true,887256028633,https://cdn.shopify.com/s/files/1/0071/7733/8939/products/5909703_sd.jpg_maxHeight_1000_maxWidth_1000.jpg?v=1532823526,1,,false,,,,,,,,,,,,,,,,,lb,,
just-dance-2018-xbox-one,Just Dance 2018 - Xbox One,,The Underground Games,game,,true,Title,Default Title,,,,,5909804,91,shopify,1,deny,manual,39.99,59.99,true,true,887256028664,https://cdn.shopify.com/s/files/1/0071/7733/8939/products/5909804_sd.jpg_maxHeight_1000_maxWidth_1000.jpg?v=1532823530,1,,false,,,,,,,,,,,,,,,,,lb,,
just-dance-2018-nintendo-switch,Just Dance 2018 - Nintendo Switch,,The Underground Games,game,,true,Title,Default Title,,,,,5909704,91,shopify,1,deny,manual,39.99,59.99,true,true,887256028701,https://cdn.shopify.com/s/files/1/0071/7733/8939/products/5909704_sd.jpg_maxHeight_1000_maxWidth_1000.jpg?v=1532823519,1,,false,,,,,,,,,,,,,,,,,lb,,
final-fantasy-xv-xbox-one,Final Fantasy XV - Xbox One,,The Underground Games,game,,true,Title,Default Title,,,,,1693027,91,shopify,1,deny,manual,19.99,,true,true,662248917610,https://cdn.shopify.com/s/files/1/0071/7733/8939/products/1693027_sd.jpg_maxHeight_1000_maxWidth_1000.jpg?v=1532946939,1,,false,,,,,,,,,,,,,,,,,lb,,
call-of-duty-infinite-warfare-playstation-4,Call of Duty: Infinite Warfare - PlayStation 4,,The Underground Games,game,,true,Title,Default Title,,,,,5214700,91,shopify,1,deny,manual,39.99,,true,true,47875878556,https://cdn.shopify.com/s/files/1/0071/7733/8939/products/5214700_sd.jpg_maxHeight_1000_maxWidth_1000.jpg?v=1533231504,1,,false,,,,,,,,,,,,,,,,,lb,,
call-of-duty-infinite-warfare-xbox-one,Call of Duty: Infinite Warfare - Xbox One,,The Underground Games,game,,true,Title,Default Title,,,,,5214201,91,shopify,1,deny,manual,39.99,,true,true,47875878617,https://cdn.shopify.com/s/files/1/0071/7733/8939/products/5214201_sd.jpg_maxHeight_1000_maxWidth_1000.jpg?v=1533231573,1,,false,,,,,,,,,,,,,,,,,lb,,
final-fantasy-xv-playstation-4,Final Fantasy XV - PlayStation 4,,The Underground Games,game,,true,Title,Default Title,,,,,9497126,91,shopify,1,deny,manual,19.99,,true,true,662248917603,https://cdn.shopify.com/s/files/1/0071/7733/8939/products/9497126_sd.jpg_maxHeight_1000_maxWidth_1000.jpg?v=1532946834,1,,false,,,,,,,,,,,,,,,,,lb,,
plants-vs-zombies-garden-warfare-playstation-4,Plants vs Zombies Garden Warfare - PlayStation 4,,The Underground Games,game,,true,Title,Default Title,,,,,6421008,91,shopify,1,deny,manual,19.99,,true,true,14633731781,https://cdn.shopify.com/s/files/1/0071/7733/8939/products/6421008_sa.jpg_maxHeight_1000_maxWidth_1000.jpg?v=1533231653,1,,false,,,,,,,,,,,,,,,,,lb,,
god-of-war-playstation-4,God of War - PlayStation 4,,The Underground Games,game,,true,Title,Default Title,,,,,5358600,91,shopify,1,deny,manual,24.99,39.99,true,true,711719506133,https://cdn.shopify.com/s/files/1/0071/7733/8939/products/5358600_sd.jpg_maxHeight_1000_maxWidth_1000.jpg?v=1532823551,1,,false,,,,,,,,,,,,,,,,,lb,,
tales-of-bersaria-playstation-4,Tales of Bersaria - PlayStation 4,,The Underground Games,game,,true,Title,Default Title,,,,,5744907,91,shopify,1,deny,manual,59.99,,true,false,722674120708,https://cdn.shopify.com/s/files/1/0071/7733/8939/products/5744907_sd.jpg_maxHeight_640_maxWidth_550.jpg?v=1532702497,1,,false,,,,,,,,,,,,,,,,,lb,,
